user_id,country,age,gender,subscription_type,avg_listening_hours_per_week,total_songs_played,skip_rate,satisfaction_score,churned,monthly_fee,join_date
U1403,nepal,23,female,premum,11.5,510,,2.0,0,7.99,2024-03-21
U1165,nepal,63,male,student,11.3,526,,3.0,0,0.0,2023-08-10
U1474,united states,45,female,premum,2.0,476,,3.0,0,7.99,2022-04-05
U1478,nigeria,16,female,family,12.1,529,,5.0,1,12.99,2023-12-16
U1609,ghana,29,male,free,6.4,477,0.2,3.0,0,7.99,2022-03-28
U1691,united kingdom,16,female,student,11.0,548,,3.0,0,9.99,2022-04-25
U1262,nigeria,59,,free,7.4,502,,1.0,1,9.99,
U1490,united kingdom,57,female,premium,11.3,476,,3.0,0,7.99,2022-01-12
U1514,india,23,female,studnt,21.5,514,,3.0,0,9.99,2022-12-02
U1412,united states,41,male,premum,7.5,494,0.2,1.0,0,7.99,2022-10-24
U1503,nigeria,39,male,family,18.7,482,0.2,5.0,0,5.0,
U1158,kenya,64,male,student,7.6,440,,5.0,0,7.99,2022-09-05
U1387,united kingdom,49,female,free,11.2,508,,5.0,1,9.99,2022-05-02
U1120,ghana,46,male,student,11.2,509,0.2,5.0,1,9.99,2023-02-15
U1258,united states,59,female,premium,3.7,507,,4.0,1,7.99,
U1574,ghana,38,female,family,1.5,458,,1.0,1,,2023-09-17
U1149,nigeria,50,male,free,11.8,527,,2.0,0,7.99,2024-06-29
U1508,united kingdom,48,female,family,8.7,511,,4.0,1,0.0,2022-09-18
U1304,nepal,18,female,family,9.5,454,,1.0,0,9.99,2024-10-06
U1107,south africa,33,,premum,14.6,512,,2.0,0,0.0,2023-02-03
U1568,nigeria,33,,premum,11.0,522,,3.0,1,7.99,
U1116,india,13,male,studnt,10.4,478,,3.0,0,9.99,
U1424,united kingdom,26,female,studnt,9.5,498,,3.0,0,9.99,2022-11-10
U1038,united kingdom,48,male,free,6.7,485,,2.0,0,9.99,2023-02-21
U1649,kenya,16,female,family,4.5,482,,1.0,0,7.99,2023-09-09
U1347,nepal,20,male,family,10.5,478,,4.0,0,12.99,2022-09-28
U1129,kenya,24,female,family,7.8,486,,3.0,0,12.99,2022-09-01
U1161,india,36,female,free,9.2,481,,3.0,0,,2022-09-27
U1432,nigeria,52,female,free,8.0,496,,1.0,0,7.99,2022-11-12
U1097,united states,17,male,family,7.8,473,,1.0,0,5.0,2023-09-22
U1673,united states,20,female,studnt,15.2,517,,1.0,0,5.0,2024-05-21
U1561,nigeria,58,male,premum,7.5,524,0.1,1.0,1,7.99,2023-05-18
U1033,brazil,24,male,studnt,10.9,500,,2.0,0,5.0,
U1150,nigeria,62,male,premum,12.8,459,,5.0,0,,
U1452,nepal,63,male,family,10.7,528,,4.0,0,7.99,
U1382,united kingdom,25,other,premium,9.0,442,,5.0,0,9.99,
U1340,united kingdom,61,other,studnt,6.9,519,,2.0,1,12.99,
U1086,united states,46,female,family,10.5,520,,3.0,0,5.0,2023-04-13
U1021,united states,43,male,family,12.3,535,,5.0,1,9.99,
U1136,brazil,60,female,family,3.7,482,,3.0,0,7.99,2023-02-03
U1173,united states,29,male,family,12.5,475,,4.0,1,7.99,
U1615,india,40,male,premum,7.7,493,,2.0,0,7.99,2022-07-09
U1543,united states,54,male,family,6.7,542,,5.0,0,9.99,2024-02-07
U1247,united kingdom,40,other,family,3.2,507,,3.0,0,12.99,2022-07-09
U1133,united states,42,other,studnt,14.4,491,,1.0,0,9.99,2023-05-08
U1373,india,45,female,studnt,13.3,530,,4.0,0,7.99,2023-12-05
U1511,nigeria,39,,free,10.7,531,,2.0,1,9.99,
U1618,india,19,male,student,10.0,472,,1.0,0,7.99,2022-09-24
U1281,nigeria,25,,family,4.5,483,,3.0,0,,2023-01-09
U1454,united kingdom,63,female,free,11.3,492,,1.0,0,9.99,2022-09-09
U1283,kenya,37,male,studnt,7.1,490,0.2,3.0,0,0.0,2022-02-18
U1006,nigeria,33,other,student,4.6,518,,3.0,0,9.99,
U1616,united kingdom,52,,family,9.8,507,0.2,3.0,0,7.99,2022-03-20
U1308,india,57,other,free,4.4,513,0.2,1.0,0,,2022-03-11
U1096,united states,43,female,premium,1.5,520,,5.0,0,12.99,
U1386,nigeria,13,male,free,11.0,510,0.2,2.0,0,9.99,2024-01-22
U1034,brazil,36,female,student,8.9,471,,4.0,0,0.0,
U1044,india,49,male,premum,12.5,532,,5.0,0,0.0,2023-11-08
U1686,united states,26,other,student,15.8,494,,2.0,0,,2023-04-25
U1429,ghana,54,,free,6.0,480,0.2,2.0,0,9.99,2024-08-01
U1484,india,45,female,studnt,10.4,479,,3.0,0,12.99,
U1426,kenya,16,female,premum,10.2,523,,4.0,0,7.99,
U1695,united kingdom,26,other,free,15.5,504,0.1,5.0,1,0.0,
U1390,united kingdom,21,male,free,11.3,506,0.2,3.0,0,9.99,2022-08-05
U1152,united kingdom,30,,family,7.0,494,0.2,3.0,1,9.99,2022-07-11
U1378,india,35,,premium,7.3,526,,4.0,1,7.99,2023-03-10
U1074,nepal,44,female,studnt,7.5,494,,3.0,0,12.99,
U1335,united kingdom,40,male,family,10.4,490,0.1,3.0,0,5.0,
U1551,united states,52,female,premium,7.3,516,,3.0,1,0.0,
U1565,ghana,63,,premium,15.8,463,,3.0,0,7.99,2024-07-01
U1487,india,43,male,family,10.2,474,,4.0,0,7.99,2023-02-23
U1670,nepal,15,male,family,9.9,485,,4.0,1,5.0,2023-07-02
U1685,india,36,female,premum,17.5,490,,3.0,0,5.0,
U1242,united kingdom,27,,family,7.8,525,,5.0,1,7.99,2022-09-06
U1466,nigeria,45,male,student,13.3,504,,3.0,0,0.0,2022-04-25
U1180,united states,25,female,premum,10.2,542,0.1,5.0,0,0.0,2022-12-11
U1094,ghana,29,male,studnt,15.8,481,0.2,5.0,0,5.0,2024-08-17
U1410,ghana,52,female,premum,9.5,513,,5.0,0,9.99,2023-09-04
U1079,nigeria,38,female,studnt,13.8,519,0.1,2.0,0,9.99,2023-04-10
U1250,brazil,36,female,studnt,19.3,530,,2.0,0,7.99,2023-02-10
U1407,nigeria,47,male,family,0.2,511,,1.0,0,0.0,2022-11-06
U1041,india,62,other,free,10.3,466,,1.0,0,7.99,
U1632,nigeria,42,female,free,12.6,497,,3.0,1,7.99,2022-06-04
U1656,united kingdom,22,female,family,7.8,505,,3.0,1,9.99,2023-02-06
U1211,united states,34,female,premium,5.9,489,,2.0,0,9.99,
U1611,united states,53,,premum,4.1,503,0.1,4.0,0,9.99,
U1356,india,31,male,premum,5.1,495,,5.0,0,5.0,2022-12-09
U1583,united kingdom,19,male,free,14.2,512,,3.0,0,,2022-05-07
U1313,nepal,33,female,family,11.7,469,,3.0,0,9.99,2024-08-04
U1617,nigeria,61,male,premium,4.3,482,0.1,3.0,0,9.99,
U1205,ghana,31,male,free,4.4,486,,3.0,1,9.99,2022-05-01
U1365,india,26,female,family,16.8,513,,4.0,0,9.99,2024-08-07
U1567,india,27,female,premium,1.3,480,0.2,1.0,0,,
U1249,nepal,26,male,studnt,12.9,464,,2.0,0,5.0,2022-07-31
U1292,united states,59,female,premium,8.5,525,,3.0,0,7.99,
U1689,kenya,55,male,family,15.0,534,,4.0,1,0.0,2022-12-19
U1453,india,51,female,premium,15.5,502,,2.0,0,9.99,2022-12-15
U1434,nepal,51,female,family,7.5,487,,3.0,0,9.99,2022-11-26
U1376,united kingdom,22,male,family,8.7,533,0.1,2.0,1,12.99,2022-05-02
U1448,united states,14,male,premium,5.2,523,0.2,4.0,0,0.0,
U1489,kenya,48,female,premum,15.8,493,0.2,5.0,1,5.0,2023-12-10
U1196,india,37,male,premium,14.1,528,,2.0,1,7.99,2022-01-03
U1187,ghana,35,male,premium,10.4,513,0.2,3.0,1,0.0,2022-10-01
U1169,ghana,16,male,family,9.3,534,,3.0,1,5.0,
U1028,nigeria,22,female,premium,4.1,512,,3.0,0,,2023-10-30
U1683,united states,47,male,family,8.3,500,,3.0,0,9.99,2023-11-18
U1653,united kingdom,51,female,student,14.5,491,,3.0,0,12.99,2022-07-21
U1675,kenya,49,,studnt,5.8,507,0.1,3.0,0,,
U1597,united kingdom,36,female,student,13.9,525,0.1,3.0,0,5.0,2023-08-05
U1114,united kingdom,25,male,studnt,4.0,484,,5.0,0,5.0,2022-05-24
U1624,brazil,63,female,family,1.0,503,,5.0,1,9.99,2023-11-06
U1144,nigeria,23,other,student,17.3,490,,3.0,0,12.99,
U1505,india,63,female,premium,13.9,493,0.2,2.0,0,7.99,2023-04-18
U1652,ghana,41,female,student,11.5,474,,3.0,0,,
U1602,ghana,34,female,family,5.2,487,,3.0,0,5.0,
U1266,kenya,47,other,family,15.2,483,,3.0,0,,2022-05-27
U1575,india,53,other,studnt,6.8,469,,5.0,0,5.0,2022-02-25
U1411,south africa,34,male,family,1.2,502,,5.0,1,,2024-04-04
U1310,united kingdom,49,female,student,3.3,494,,3.0,0,,2023-07-23
U1011,south africa,48,female,family,13.5,468,0.2,1.0,0,9.99,2023-10-02
U1513,nepal,32,male,premum,13.1,561,,5.0,0,9.99,2023-02-23
U1153,kenya,42,female,premium,3.6,525,,4.0,0,9.99,
U1219,united kingdom,58,male,student,6.2,571,0.2,4.0,1,7.99,2022-03-23
U1546,united kingdom,43,male,free,14.2,489,,4.0,0,5.0,2023-07-22
U1341,nepal,42,male,premium,13.0,457,0.1,3.0,0,9.99,2022-04-01
U1260,india,58,female,student,2.9,458,,3.0,0,5.0,
U1343,nepal,63,female,free,7.4,517,,4.0,0,12.99,2023-09-05
U1530,united states,37,,student,12.4,531,0.1,2.0,0,9.99,
U1126,united kingdom,46,female,family,13.4,526,,1.0,0,7.99,
U1633,nigeria,28,female,studnt,0.2,529,,3.0,1,0.0,
U1591,india,63,female,premium,12.4,543,,2.0,0,12.99,2024-12-08
U1496,ghana,17,other,student,17.4,475,,5.0,0,7.99,2022-03-24
U1674,nepal,59,male,free,2.8,455,0.1,5.0,0,,
U1566,kenya,52,female,free,15.9,499,,3.0,0,5.0,2022-02-23
U1394,brazil,50,male,free,4.1,541,0.1,2.0,0,,2024-02-12
U1170,india,22,other,family,14.4,493,,3.0,1,9.99,
U1192,nepal,20,female,studnt,6.9,482,0.2,4.0,1,7.99,2022-08-21
U1178,nigeria,18,male,premium,14.1,466,,3.0,0,12.99,
U1232,india,55,other,studnt,6.9,512,,3.0,0,7.99,2024-03-15
U1352,india,17,,free,9.7,474,,3.0,0,9.99,2022-10-20
U1031,ghana,20,male,student,16.6,501,,2.0,0,5.0,
U1035,nigeria,40,female,premum,11.0,452,,2.0,0,9.99,2022-09-26
U1428,united kingdom,57,female,family,11.9,493,,5.0,1,12.99,2023-11-18
U1396,united kingdom,42,male,family,10.2,510,,1.0,0,7.99,2024-07-02
U1414,kenya,23,female,student,12.7,539,,5.0,0,9.99,2024-07-07
U1593,united kingdom,37,male,student,6.5,494,0.1,5.0,0,,
U1177,brazil,46,male,family,9.6,514,,5.0,0,9.99,
U1370,india,25,,free,3.9,513,,3.0,0,7.99,
U1194,brazil,52,female,premum,8.7,566,,4.0,0,9.99,
U1322,united kingdom,36,other,family,8.5,523,0.1,1.0,0,7.99,2023-04-25
U1128,kenya,62,female,free,7.7,511,0.2,2.0,0,7.99,2022-10-06
U1389,south africa,29,female,family,10.0,508,,4.0,0,9.99,
U1353,united kingdom,18,male,studnt,6.3,514,,4.0,0,,2023-04-02
U1470,nigeria,39,other,premum,5.4,473,,1.0,0,7.99,2024-01-02
U1140,india,49,male,studnt,13.2,476,,2.0,0,7.99,2024-05-01
U1020,south africa,27,,student,8.1,541,,3.0,0,12.99,2022-04-18
U1699,nepal,19,female,family,7.3,519,,3.0,0,9.99,2022-09-19
U1582,united kingdom,14,female,family,12.4,490,0.1,3.0,0,0.0,2022-12-08
U1163,brazil,42,male,family,14.6,565,,4.0,0,7.99,
U1080,united states,37,male,premium,9.9,522,0.1,3.0,1,9.99,2022-04-25
U1425,united kingdom,38,male,family,16.1,456,0.1,3.0,0,7.99,2022-04-28
U1477,nigeria,45,other,family,5.7,484,,3.0,1,7.99,2022-11-11
U1422,kenya,17,female,premium,2.4,516,,3.0,0,0.0,2023-07-18
U1216,india,53,other,studnt,1.5,466,,2.0,0,9.99,2024-07-08
U1049,kenya,21,other,student,11.5,514,,4.0,1,9.99,
U1572,south africa,22,male,studnt,10.3,494,,4.0,1,0.0,
U1697,south africa,60,female,student,6.3,510,,1.0,1,,2023-06-22
U1119,nigeria,44,female,premium,10.5,515,0.1,2.0,0,5.0,
U1668,india,20,female,family,9.4,507,,1.0,1,,2022-06-01
U1529,united kingdom,30,male,family,7.1,494,,4.0,1,9.99,2024-08-14
U1090,united kingdom,33,female,free,0.2,499,,2.0,0,9.99,2023-06-24
U1259,brazil,35,male,family,11.7,516,,5.0,1,7.99,
U1154,united kingdom,27,female,premum,1.3,513,0.1,3.0,1,0.0,2022-09-03
U1184,united kingdom,23,female,family,21.5,528,,5.0,0,9.99,
U1598,ghana,45,female,free,5.1,526,0.1,4.0,0,7.99,
U1226,kenya,21,male,studnt,10.6,461,,4.0,1,7.99,2023-05-20
U1576,ghana,47,female,free,23.4,545,,5.0,1,0.0,2023-03-14
U1479,united kingdom,34,other,studnt,14.5,508,,4.0,0,7.99,2022-11-08
U1001,india,56,,premum,11.1,556,,5.0,0,7.99,2022-11-04
U1608,united states,19,male,studnt,9.2,510,,4.0,0,5.0,
U1295,brazil,59,male,family,9.9,511,,5.0,0,7.99,2023-02-22
U1601,india,55,female,studnt,3.9,499,,4.0,0,,
U1314,south africa,18,female,family,6.0,473,,3.0,1,0.0,2023-08-12
U1532,india,59,male,student,11.9,513,,4.0,0,7.99,
U1059,united kingdom,18,female,free,7.9,526,,3.0,0,0.0,2024-04-23
U1443,united kingdom,45,male,student,13.3,472,0.2,5.0,1,,2024-06-14
U1359,india,32,female,premium,12.5,492,,5.0,1,0.0,2023-04-11
U1366,nepal,50,female,premum,15.9,506,0.1,3.0,0,,
U1207,united kingdom,17,other,premium,17.3,489,,3.0,0,,
U1540,united kingdom,17,male,studnt,9.9,469,,3.0,0,12.99,2024-05-10
U1408,united kingdom,47,male,free,9.2,476,,1.0,0,12.99,2024-04-12
U1251,united kingdom,14,,premum,4.6,480,0.1,1.0,1,7.99,
U1467,kenya,64,male,premium,8.1,485,0.1,4.0,1,9.99,2023-09-06
U1349,brazil,63,male,student,12.6,518,0.2,3.0,1,9.99,
U1599,united kingdom,61,female,premium,17.4,492,,3.0,1,9.99,2022-12-10
U1017,nepal,53,female,family,10.2,459,0.2,4.0,0,0.0,
U1045,united kingdom,53,other,free,10.3,536,0.2,2.0,1,7.99,2023-08-02
U1112,united kingdom,63,female,student,6.8,479,,4.0,0,7.99,
U1639,brazil,63,male,family,16.1,522,,3.0,1,7.99,2022-11-09
U1301,united kingdom,54,male,premum,10.4,490,,3.0,0,9.99,2023-03-26
U1023,united kingdom,15,,premium,15.8,507,,3.0,0,0.0,2022-10-12
U1303,south africa,49,,family,10.5,507,,5.0,0,,2024-07-24
U1571,brazil,21,female,free,13.2,512,,3.0,0,,2022-01-22
U1231,united kingdom,42,male,premium,14.8,563,,2.0,0,7.99,
U1123,ghana,20,female,student,16.5,491,,1.0,0,,2023-04-19
U1644,nigeria,61,male,student,10.3,493,0.2,3.0,0,7.99,
U1640,brazil,59,female,family,4.7,474,,5.0,1,9.99,2022-08-07
U1625,india,31,female,free,8.2,514,,2.0,0,12.99,
U1638,kenya,26,female,premium,8.9,475,,2.0,0,7.99,2022-08-19
U1465,united states,41,male,student,7.4,511,0.1,4.0,1,7.99,2022-01-03
U1070,south africa,17,female,student,4.8,501,,1.0,1,12.99,2024-01-08
U1506,kenya,63,female,premium,5.2,501,,2.0,1,12.99,
U1346,united kingdom,23,female,student,2.8,516,0.1,5.0,0,9.99,2022-03-05
U1068,india,62,male,family,12.5,486,,2.0,0,5.0,2023-11-19
U1202,brazil,44,male,premium,13.6,521,,4.0,0,5.0,2023-05-12
U1500,india,24,female,family,20.5,492,,3.0,1,9.99,
U1099,united kingdom,15,male,family,1.4,511,,3.0,0,12.99,2022-11-24
U1246,india,38,female,family,12.4,496,,4.0,0,7.99,2023-02-08
U1285,nigeria,22,female,student,10.6,537,0.1,2.0,1,12.99,2023-02-03
U1005,kenya,59,female,free,12.9,519,,1.0,0,0.0,
U1039,united states,38,male,family,12.6,456,,5.0,0,0.0,2022-11-07
U1512,nigeria,17,female,student,17.4,485,,3.0,1,7.99,2022-10-10
U1047,india,39,male,family,6.8,512,,1.0,1,7.99,2024-02-01
U1696,ghana,43,female,free,8.0,471,,2.0,0,,2023-09-09
U1358,united kingdom,45,female,student,15.2,461,,3.0,0,5.0,2022-09-30
U1631,india,41,female,student,2.6,542,,1.0,1,,2022-05-05
U1332,south africa,18,female,family,18.8,460,,3.0,0,0.0,2023-03-18
U1315,india,18,male,premium,8.4,479,0.1,1.0,0,9.99,
U1004,india,57,female,studnt,12.5,473,,3.0,0,0.0,2023-02-16
U1497,united states,41,other,premum,8.2,497,,4.0,0,7.99,2023-05-06
U1255,nepal,63,male,student,8.5,462,,4.0,1,,
U1168,nigeria,41,male,premium,16.1,477,0.2,3.0,1,9.99,2023-11-27
U1537,united states,48,female,studnt,11.3,486,0.1,4.0,1,7.99,2022-09-10
U1405,nigeria,46,,premium,11.8,506,0.1,3.0,1,9.99,2023-06-04
U1553,united kingdom,34,other,family,6.9,467,,2.0,0,5.0,2022-06-28
U1423,united states,31,other,studnt,16.2,508,,5.0,0,5.0,2022-09-23
U1483,south africa,22,male,premum,6.8,442,0.2,3.0,0,9.99,
U1174,united states,32,female,family,11.6,505,,5.0,1,7.99,2022-08-03
U1362,united kingdom,59,female,premium,0.8,484,,2.0,1,12.99,2022-06-05
U1317,ghana,16,female,premum,7.3,500,,5.0,0,9.99,2022-10-08
U1113,united kingdom,57,female,premium,10.8,521,,3.0,0,12.99,2024-11-01
U1007,united kingdom,28,female,student,5.6,507,0.1,2.0,1,0.0,
U1164,united kingdom,54,male,free,11.5,511,,5.0,1,0.0,2023-05-02
U1188,india,28,male,studnt,19.1,504,,4.0,0,9.99,2024-07-13
U1580,ghana,23,other,free,14.3,507,,3.0,0,,2023-10-11
U1181,ghana,55,female,free,2.5,513,0.1,4.0,1,7.99,2022-07-17
U1145,kenya,63,male,premium,19.0,495,,5.0,1,7.99,2023-07-15
U1098,ghana,50,,premium,5.6,509,0.2,3.0,0,,2023-12-26
U1199,nigeria,15,male,family,7.9,528,,3.0,0,7.99,
U1297,ghana,52,,premium,4.3,469,,3.0,0,,2024-03-13
U1545,united kingdom,40,male,family,0.7,534,0.1,3.0,0,0.0,2022-04-14
U1450,kenya,52,,family,1.5,515,,4.0,1,9.99,
U1629,ghana,61,,free,14.5,522,,4.0,1,7.99,2022-01-10
U1300,united kingdom,31,male,studnt,11.2,532,,1.0,0,0.0,2023-11-29
U1698,united kingdom,30,other,family,15.7,494,,3.0,0,0.0,2022-05-12
U1437,nigeria,44,male,premum,15.1,456,,4.0,1,7.99,
U1081,united kingdom,34,female,premium,9.1,484,,5.0,1,5.0,
U1237,india,13,female,free,6.8,531,,5.0,0,5.0,2022-11-07
U1634,kenya,52,other,family,10.9,480,,5.0,1,9.99,2023-01-06
U1172,united states,22,male,family,4.8,503,,4.0,0,5.0,2022-07-15
U1510,kenya,55,female,premium,12.1,512,,2.0,0,12.99,
U1279,united kingdom,37,female,free,13.9,512,,4.0,1,9.99,2024-02-07
U1210,india,54,,studnt,7.7,496,,3.0,1,0.0,2022-08-09
U1533,south africa,52,female,free,9.1,478,,3.0,0,12.99,
U1218,south africa,38,other,family,18.4,501,,5.0,1,5.0,2023-10-28
U1148,ghana,46,other,family,5.7,477,,2.0,1,7.99,
U1621,united states,25,female,family,12.0,505,,3.0,0,,
U1518,nigeria,18,female,studnt,7.8,477,0.1,5.0,1,7.99,2023-01-03
U1535,united kingdom,24,male,family,9.0,524,,4.0,0,9.99,
U1523,south africa,58,,free,3.8,498,,1.0,0,9.99,
U1444,south africa,37,female,free,3.9,500,0.2,2.0,1,7.99,
U1384,nigeria,14,female,studnt,6.3,491,0.2,2.0,0,7.99,
U1311,south africa,45,,family,22.1,508,,4.0,0,9.99,
U1197,united kingdom,15,female,student,5.4,521,,3.0,0,5.0,2024-04-02
U1626,india,44,male,family,9.5,535,,4.0,0,7.99,2023-03-10
U1183,united kingdom,60,female,premium,13.6,513,,5.0,0,9.99,2023-06-21
U1122,kenya,43,male,premium,6.0,519,,4.0,0,7.99,2023-06-11
U1587,united kingdom,39,male,premum,4.5,495,,3.0,0,7.99,
U1124,south africa,51,female,family,5.1,481,,4.0,0,7.99,2024-02-29
U1357,united states,32,other,premium,10.0,500,,1.0,0,9.99,
U1393,united kingdom,36,male,studnt,17.2,506,,3.0,1,9.99,2023-08-21
U1025,india,35,female,family,13.0,532,0.1,2.0,1,9.99,
U1623,india,35,male,family,8.2,493,,4.0,0,12.99,2024-01-13
U1243,nepal,59,female,studnt,5.6,466,0.1,2.0,0,9.99,2023-09-23
U1321,united kingdom,43,male,premium,23.3,502,,4.0,0,,2022-03-03
U1106,south africa,29,female,studnt,9.6,482,,2.0,1,,
U1472,kenya,41,female,family,0.6,463,,4.0,1,9.99,
U1077,nepal,23,male,premium,8.4,501,,3.0,1,9.99,
U1078,united kingdom,33,other,premium,14.4,487,,1.0,0,9.99,
U1421,united kingdom,49,other,family,16.3,531,,4.0,0,7.99,2024-08-20
U1469,india,51,female,premum,6.8,486,,3.0,0,9.99,
U1651,nigeria,20,other,premum,21.7,524,,3.0,0,5.0,2022-01-09
U1427,nepal,37,other,family,10.7,544,,4.0,0,7.99,2023-03-23
U1542,india,20,female,student,8.0,516,,3.0,1,9.99,2022-01-26
U1447,united states,59,female,premium,13.3,497,,3.0,0,5.0,2022-10-13
U1261,united kingdom,55,male,free,4.1,539,0.2,3.0,1,,
U1687,south africa,44,,family,9.0,514,,2.0,1,,2023-10-11
U1538,united kingdom,60,female,premum,10.5,487,,5.0,0,7.99,2022-03-22
U1162,kenya,27,female,studnt,3.3,487,,2.0,0,7.99,2023-11-05
U1289,united kingdom,30,male,family,8.9,493,,3.0,0,,
U1179,kenya,14,,free,12.9,500,,4.0,0,7.99,2023-11-06
U1501,india,57,female,premum,4.4,493,,3.0,0,7.99,2023-02-01
U1276,united states,34,male,family,4.4,475,0.2,4.0,0,0.0,2023-08-02
U1642,united states,14,female,premum,3.7,494,,3.0,1,7.99,2022-09-10
U1554,united kingdom,23,female,premium,6.5,504,0.1,4.0,1,7.99,2023-05-10
U1460,nigeria,20,male,family,7.8,518,0.2,1.0,0,5.0,2023-08-16
U1603,nepal,38,female,premium,7.8,488,0.2,4.0,1,12.99,2024-06-03
U1459,united states,63,,studnt,12.1,489,,3.0,1,12.99,2022-09-12
U1286,ghana,15,male,family,5.1,489,0.2,5.0,0,,2022-01-01
U1264,united kingdom,30,male,family,0.5,511,,2.0,0,9.99,2022-05-10
U1612,ghana,61,other,studnt,1.9,475,,3.0,0,7.99,2024-03-06
U1234,nigeria,29,male,free,10.0,484,,4.0,0,12.99,
U1233,united states,60,,student,14.1,507,,5.0,0,7.99,2024-07-16
U1287,india,53,male,premum,5.5,500,0.1,2.0,1,7.99,
U1029,nepal,44,male,student,8.2,514,,3.0,0,9.99,2022-01-27
U1325,ghana,63,,studnt,19.1,477,,1.0,0,9.99,2023-07-29
U1446,united states,45,male,family,11.4,499,,2.0,0,9.99,2023-05-11
U1089,india,13,male,student,9.8,481,,4.0,0,7.99,
U1610,united kingdom,32,,free,15.6,481,,4.0,1,7.99,
U1326,india,43,male,studnt,9.6,531,,1.0,0,7.99,2023-06-04
U1061,united states,63,,free,6.5,530,,4.0,0,0.0,2022-08-11
U1541,brazil,49,other,student,15.4,534,,3.0,0,,
U1277,ghana,38,,family,9.2,477,,2.0,0,9.99,2023-07-09
U1594,kenya,19,male,family,0.8,502,,3.0,0,7.99,2022-10-27
U1160,brazil,45,female,studnt,11.1,495,0.2,3.0,0,5.0,2022-03-01
U1221,united kingdom,61,male,free,7.1,514,0.2,4.0,0,9.99,2023-06-02
U1217,united kingdom,24,male,family,17.3,485,,4.0,0,0.0,2023-01-05
U1516,united kingdom,52,female,family,9.5,461,0.2,3.0,1,5.0,2022-09-27
U1555,united kingdom,35,female,free,11.7,545,0.1,3.0,0,9.99,2024-03-05
U1108,brazil,26,male,family,17.1,485,,2.0,0,9.99,
U1471,india,48,female,family,10.5,521,,4.0,0,,2023-01-08
U1091,india,60,,student,20.3,498,,2.0,1,9.99,2022-03-01
U1391,nepal,23,male,family,9.8,496,,2.0,1,7.99,2022-07-04
U1665,united kingdom,62,,student,11.4,467,,4.0,0,,2023-06-22
U1431,nepal,30,male,free,4.4,466,,4.0,0,0.0,
U1055,nigeria,41,male,free,12.1,500,,3.0,0,9.99,2022-12-02
U1100,ghana,35,female,student,11.4,490,,4.0,1,9.99,2024-06-11
U1307,south africa,46,other,free,5.4,495,,3.0,0,9.99,
U1635,nigeria,31,male,family,4.1,450,,2.0,0,0.0,2023-08-16
U1298,ghana,61,female,family,1.2,516,,3.0,1,7.99,
U1241,brazil,64,male,family,14.0,556,,4.0,1,7.99,
U1066,united kingdom,22,male,free,2.3,493,,4.0,1,,
U1118,kenya,52,male,family,8.9,475,,2.0,0,9.99,2022-04-02
U1036,united states,20,female,family,22.3,488,,1.0,1,7.99,
U1534,united states,55,male,family,6.1,490,0.2,1.0,1,7.99,
U1684,nigeria,44,female,family,12.1,464,,2.0,0,0.0,2022-10-03
U1294,india,46,female,studnt,7.4,507,0.1,3.0,0,7.99,
U1654,brazil,15,female,premium,19.8,484,,3.0,0,9.99,
U1547,south africa,21,male,premium,9.1,524,0.1,5.0,0,9.99,2022-03-07
U1406,kenya,24,,premium,8.5,514,,4.0,1,0.0,2023-07-15
U1473,ghana,50,female,studnt,8.5,526,0.1,1.0,1,0.0,
U1057,nigeria,58,other,premium,9.7,491,,3.0,0,5.0,2024-06-06
U1134,south africa,42,female,student,13.0,483,0.2,5.0,0,7.99,2022-09-14
U1334,kenya,32,male,student,6.4,488,,1.0,1,9.99,
U1643,ghana,40,male,family,5.7,453,0.1,3.0,1,7.99,2024-07-21
U1053,united states,40,female,family,3.6,509,,5.0,1,7.99,
U1681,united kingdom,20,male,family,8.7,476,,3.0,0,7.99,
U1374,united kingdom,18,male,student,14.2,504,0.2,5.0,0,9.99,2022-04-11
U1660,united kingdom,46,female,premum,2.4,504,,4.0,0,12.99,2024-01-05
U1069,united kingdom,57,male,premium,21.4,454,,3.0,1,7.99,2022-11-05
U1240,south africa,47,,premum,3.9,483,,1.0,0,12.99,
U1230,united kingdom,59,other,family,18.2,484,,5.0,0,7.99,
U1293,india,34,male,free,17.8,517,,4.0,0,0.0,2023-08-29
U1253,united states,38,male,premum,11.3,497,,4.0,1,9.99,
U1318,united kingdom,42,male,student,13.2,458,,2.0,1,0.0,2023-07-15
U1677,nigeria,63,other,student,6.4,541,0.1,2.0,1,0.0,2024-05-04
U1350,brazil,57,female,studnt,11.6,510,,4.0,1,5.0,2022-10-03
U1016,united kingdom,59,female,free,14.2,514,,2.0,0,5.0,2023-02-23
U1064,united states,37,male,family,10.1,510,,3.0,0,7.99,
U1027,united states,24,female,family,8.8,508,,1.0,0,9.99,2023-08-30
U1658,india,31,female,student,9.8,508,,3.0,0,,
U1522,united kingdom,38,,studnt,12.3,500,,1.0,0,7.99,2023-11-24
U1564,united kingdom,13,male,studnt,16.1,489,,3.0,1,12.99,2024-07-13
U1690,united kingdom,28,male,premum,21.7,512,,2.0,1,7.99,
U1265,india,50,,premum,10.9,497,,3.0,0,9.99,2023-11-02
U1014,south africa,32,male,free,20.8,487,,2.0,0,7.99,
U1213,united kingdom,18,,student,0.5,509,,1.0,0,,
U1186,brazil,59,female,family,0.5,490,,1.0,0,9.99,
U1492,nigeria,64,male,family,13.3,501,,3.0,0,7.99,
U1570,united kingdom,21,female,premium,11.9,487,,5.0,1,9.99,2023-12-01
U1236,kenya,48,male,free,15.6,548,,3.0,0,12.99,2024-06-05
U1451,india,52,other,family,1.4,511,,3.0,0,5.0,2023-09-09
U1402,brazil,26,female,student,11.4,513,,2.0,1,9.99,2024-03-13
U1379,kenya,22,female,student,7.4,505,,3.0,1,7.99,2023-12-22
U1193,south africa,16,female,premium,12.4,523,,2.0,0,,2022-04-29
U1268,ghana,27,female,free,8.2,510,0.1,4.0,0,9.99,2022-04-06
U1457,india,15,other,premium,5.3,525,0.2,2.0,1,7.99,2023-07-03
U1371,south africa,55,male,free,10.6,496,,4.0,1,9.99,2024-05-28
U1159,kenya,50,male,studnt,8.3,518,,1.0,1,0.0,2023-01-31
U1191,kenya,28,female,student,14.5,516,,3.0,0,9.99,
U1440,brazil,45,female,student,15.1,474,0.2,3.0,0,0.0,2023-02-13
U1102,ghana,49,male,student,15.7,532,,2.0,0,0.0,2023-03-29
U1336,united kingdom,23,male,family,17.0,458,,4.0,1,0.0,2023-03-02
U1456,south africa,18,male,family,9.1,499,,3.0,0,7.99,2024-07-14
U1368,united states,23,,student,13.8,519,,1.0,0,0.0,2023-05-06
U1224,united states,57,female,family,21.1,499,,4.0,0,9.99,
U1646,united states,42,other,premum,14.8,484,0.2,3.0,0,0.0,
U1383,ghana,52,female,student,4.2,471,,4.0,0,0.0,
U1323,nepal,21,other,free,10.8,499,,4.0,0,7.99,
U1606,united kingdom,33,female,student,2.9,490,,3.0,0,12.99,2024-08-20
U1092,south africa,18,female,free,4.0,503,,5.0,0,9.99,2022-03-17
U1361,united kingdom,24,male,free,7.2,485,,3.0,0,0.0,2022-09-21
U1372,united kingdom,15,other,premum,14.9,484,0.2,1.0,0,12.99,
U1397,nigeria,43,male,premium,8.7,514,,3.0,1,5.0,2023-07-03
U1067,united kingdom,42,female,family,14.6,479,,4.0,0,9.99,2024-07-27
U1528,united kingdom,52,female,family,15.4,480,0.2,1.0,0,12.99,2022-03-11
U1476,united kingdom,39,male,studnt,15.3,530,0.1,3.0,1,9.99,2024-02-06
U1214,united kingdom,13,female,student,12.9,509,,1.0,1,12.99,
U1485,united kingdom,50,other,family,7.7,536,,3.0,1,0.0,2022-11-09
U1073,nepal,30,,student,14.9,494,,1.0,0,12.99,
U1282,united kingdom,32,other,family,12.0,502,,3.0,0,7.99,2023-07-02
U1648,nepal,63,female,family,9.1,481,0.2,1.0,0,9.99,2024-02-03
U1663,nepal,40,female,student,18.8,480,,4.0,1,9.99,
U1071,india,45,female,studnt,9.0,525,,3.0,1,9.99,2023-02-25
U1338,united states,27,female,premium,6.8,510,,3.0,0,0.0,
U1398,united kingdom,61,male,family,19.0,451,,3.0,0,9.99,2023-03-16
U1182,kenya,55,male,family,12.5,498,,4.0,0,,2022-09-24
U1536,united kingdom,56,female,premium,5.6,516,,1.0,1,9.99,2023-06-22
U1605,united kingdom,62,,premium,9.2,493,,3.0,0,0.0,
U1220,brazil,46,male,family,15.8,494,,2.0,0,9.99,
U1664,india,44,male,family,8.2,483,,4.0,0,7.99,
U1171,nepal,29,male,family,13.7,510,,5.0,0,5.0,
U1430,nigeria,37,male,free,16.0,498,,4.0,1,7.99,2023-02-09
U1461,united kingdom,54,other,family,13.8,476,,4.0,0,12.99,2022-12-24
U1206,india,33,other,premum,11.4,490,,5.0,0,7.99,2023-04-11
U1525,india,24,male,family,6.7,505,,3.0,1,9.99,2022-04-10
U1659,nepal,58,female,free,7.2,495,,3.0,0,5.0,
U1480,united kingdom,14,male,free,14.5,474,,4.0,0,7.99,
U1692,united states,64,,family,19.8,480,0.1,3.0,0,7.99,2023-11-22
U1385,nepal,32,,free,11.0,504,,3.0,1,7.99,2022-11-02
U1585,india,39,male,family,6.3,477,,4.0,0,7.99,
U1433,nigeria,20,male,premum,12.6,521,0.2,3.0,0,,2024-07-07
U1502,united states,14,other,premium,16.1,470,0.1,3.0,1,9.99,2024-03-03
U1117,nigeria,61,other,free,18.6,558,,5.0,0,9.99,2023-12-25
U1527,kenya,25,female,family,10.0,452,,1.0,0,9.99,
U1146,kenya,51,male,premum,13.7,498,,4.0,0,9.99,2022-11-03
U1682,united kingdom,46,male,free,16.0,505,,4.0,0,7.99,
U1388,south africa,21,female,free,12.6,508,0.2,4.0,1,0.0,2023-08-14
U1324,united kingdom,15,female,studnt,11.9,521,,2.0,1,9.99,2023-04-24
U1327,united kingdom,52,male,premum,5.9,460,,5.0,0,7.99,2024-02-04
U1442,india,27,female,premium,13.6,504,0.1,3.0,0,9.99,
U1493,united kingdom,27,male,family,23.4,536,,3.0,0,0.0,
U1256,united kingdom,19,female,premium,16.0,525,0.2,3.0,0,7.99,2023-06-10
U1013,india,31,male,family,2.0,554,0.2,2.0,0,5.0,
U1590,kenya,56,other,premum,12.6,480,,3.0,0,7.99,2023-12-09
U1115,brazil,16,male,premum,10.3,506,,2.0,1,12.99,
U1354,united states,38,,studnt,10.4,479,,3.0,0,5.0,
U1088,south africa,47,male,premum,5.0,487,,3.0,0,0.0,2023-12-18
U1504,nigeria,43,female,student,4.9,504,,3.0,0,0.0,2023-12-07
U1305,south africa,64,female,premum,7.0,482,,4.0,0,9.99,
U1125,united states,38,female,studnt,3.4,481,,3.0,0,0.0,
U1200,united states,39,male,premum,11.3,487,,2.0,0,9.99,2022-12-24
U1319,ghana,23,female,premium,7.8,504,,2.0,1,5.0,
U1010,brazil,49,female,student,10.4,457,,5.0,0,9.99,2022-11-04
U1655,nigeria,44,male,studnt,15.6,521,,2.0,1,7.99,
U1404,kenya,21,male,student,19.0,474,,4.0,0,7.99,
U1596,ghana,18,,free,17.9,524,,2.0,0,5.0,
U1024,united states,28,,premum,12.8,510,,3.0,0,0.0,2022-05-15
U1339,brazil,18,male,family,9.7,511,,3.0,0,0.0,2022-07-30
U1589,south africa,55,male,studnt,17.2,481,,3.0,0,0.0,
U1228,united kingdom,59,male,studnt,19.3,464,0.2,4.0,0,9.99,
U1495,nepal,20,female,family,6.6,496,,2.0,0,9.99,2024-01-01
U1491,united states,36,female,student,13.2,479,,1.0,0,7.99,
U1645,nigeria,62,female,premium,12.5,478,,4.0,0,9.99,2024-01-27
U1189,ghana,43,male,premium,13.1,500,,3.0,1,,
U1139,united kingdom,27,female,family,5.4,441,,5.0,1,7.99,2023-09-14
U1458,united kingdom,19,female,family,8.9,528,0.1,3.0,0,9.99,
U1363,united states,13,female,studnt,11.0,509,,3.0,0,7.99,
U1364,united states,38,female,free,11.8,484,0.1,5.0,0,12.99,2022-08-30
U1488,nepal,59,other,student,11.7,495,,1.0,0,5.0,
U1581,south africa,50,male,studnt,16.4,483,,1.0,1,9.99,2023-06-01
U1147,brazil,50,female,student,13.0,479,,3.0,0,9.99,
U1355,united kingdom,16,male,premium,14.4,482,,3.0,0,5.0,2022-02-04
U1419,south africa,47,male,studnt,0.1,531,,4.0,0,9.99,2023-09-22
U1416,india,49,female,studnt,7.2,451,,5.0,0,,2023-04-17
U1195,ghana,16,female,premum,9.9,500,,3.0,1,0.0,2022-02-09
U1299,united kingdom,56,male,free,4.9,475,0.2,4.0,1,12.99,
U1392,kenya,27,female,family,15.7,493,,4.0,1,0.0,
U1050,united kingdom,45,other,studnt,11.4,475,,5.0,0,12.99,
U1190,united kingdom,23,female,family,11.6,475,,4.0,1,,
U1401,ghana,62,male,family,13.0,475,,2.0,0,9.99,
U1208,united kingdom,30,female,family,2.8,494,,4.0,0,,
U1051,india,32,male,student,6.0,513,,5.0,0,5.0,
U1012,india,47,male,family,5.8,549,,3.0,0,5.0,2023-05-08
U1008,kenya,33,female,studnt,6.5,499,,5.0,0,12.99,
U1399,south africa,17,female,student,11.1,511,,2.0,0,5.0,
U1468,nigeria,42,female,family,11.7,477,0.2,3.0,0,9.99,2023-12-18
U1278,ghana,56,,family,14.5,531,,4.0,0,0.0,2022-05-29
U1166,united states,29,male,family,14.2,487,,3.0,0,9.99,
U1040,kenya,20,female,student,2.6,516,,3.0,1,,
U1121,united states,40,female,premum,7.7,475,,3.0,0,12.99,
U1328,india,49,male,premium,3.7,479,,2.0,0,5.0,2022-12-12
U1531,brazil,45,,studnt,23.7,536,,3.0,0,9.99,2023-07-08
U1604,brazil,40,female,premum,10.2,485,,2.0,1,7.99,2023-11-23
U1628,kenya,41,,free,11.2,495,,4.0,0,7.99,
U1110,united kingdom,58,male,student,11.4,496,0.2,4.0,1,9.99,2023-10-03
U1482,ghana,17,female,premum,13.7,499,,5.0,1,12.99,2023-08-29
U1348,south africa,38,other,studnt,8.2,517,0.2,4.0,0,9.99,2022-02-11
U1375,united states,62,female,family,7.9,511,,4.0,0,5.0,2022-02-02
U1056,ghana,25,male,premium,6.6,497,,3.0,0,9.99,2023-03-26
U1082,nigeria,39,male,studnt,8.0,486,,2.0,1,9.99,2024-04-18
U1562,nigeria,48,male,family,12.6,498,,2.0,1,0.0,
U1320,united kingdom,42,female,free,15.1,512,,3.0,0,7.99,
U1048,ghana,29,,free,4.4,493,,3.0,0,7.99,
U1009,brazil,23,female,free,8.8,494,,3.0,1,9.99,
U1337,united kingdom,16,female,premium,10.3,498,,4.0,0,7.99,
U1360,united kingdom,61,female,premium,16.5,510,0.2,4.0,0,,2023-06-27
U1494,india,41,other,family,0.9,500,,5.0,0,7.99,2023-06-14
U1291,united kingdom,48,other,student,5.4,528,0.2,3.0,0,9.99,2024-04-03
U1662,united kingdom,35,male,studnt,11.3,504,0.1,2.0,0,5.0,2022-05-13
U1101,kenya,49,other,family,11.0,486,,3.0,0,,2022-06-05
U1130,south africa,13,female,premum,11.4,492,,1.0,0,12.99,2024-06-13
U1316,united kingdom,60,male,premum,7.9,533,0.2,2.0,0,7.99,2023-02-20
U1175,united states,36,female,student,10.2,444,,3.0,0,5.0,
U1573,india,64,female,premium,6.3,504,0.2,5.0,1,5.0,2022-12-22
U1271,kenya,40,male,family,17.0,500,,4.0,0,9.99,
U1519,nigeria,20,male,family,1.0,541,,3.0,1,9.99,
U1060,india,30,male,premium,8.2,510,0.1,2.0,1,9.99,
U1054,united kingdom,60,male,family,5.2,491,,2.0,0,5.0,
U1132,united kingdom,17,female,premum,6.1,551,,3.0,0,0.0,
U1342,kenya,50,male,family,6.5,505,,1.0,0,,2022-12-24
U1630,kenya,57,female,premum,2.3,481,,3.0,0,7.99,2023-11-10
U1614,united states,34,female,student,19.5,533,,2.0,0,0.0,2023-05-11
U1032,united kingdom,50,male,studnt,10.3,519,,4.0,1,12.99,
U1666,kenya,19,male,family,6.7,526,,1.0,0,0.0,2022-10-12
U1065,south africa,14,female,student,6.4,488,0.1,4.0,0,9.99,2022-01-01
U1312,india,34,male,premium,10.4,469,,2.0,1,0.0,2023-05-11
U1620,united kingdom,44,male,studnt,9.5,493,,3.0,0,12.99,
U1563,united kingdom,35,other,family,9.2,491,,3.0,0,,
U1156,india,63,female,family,12.9,530,,4.0,0,9.99,2024-08-27
U1248,nepal,35,other,studnt,10.9,482,,4.0,0,7.99,2023-11-30
U1688,ghana,58,female,studnt,9.3,502,,3.0,1,9.99,
U1063,kenya,59,male,free,6.9,486,0.2,3.0,0,9.99,2023-04-12
U1557,united kingdom,58,male,premum,1.0,451,,3.0,1,12.99,
U1270,south africa,49,female,family,9.0,486,0.2,3.0,0,9.99,2023-03-04
U1198,united kingdom,44,male,family,16.4,493,,4.0,0,7.99,2022-01-23
U1462,united kingdom,64,female,studnt,11.0,505,,5.0,0,9.99,2022-01-18
U1509,india,38,male,family,2.0,484,,3.0,0,0.0,
U1254,brazil,26,,student,15.7,507,0.2,5.0,1,9.99,2022-11-07
U1526,south africa,38,other,premium,9.0,523,,2.0,0,5.0,
U1331,india,43,,student,20.1,457,,5.0,1,7.99,2022-03-14
U1288,united states,57,female,family,11.8,530,,1.0,0,7.99,
U1245,india,26,male,family,9.3,496,,2.0,1,0.0,2022-11-02
U1306,united kingdom,38,male,family,14.4,504,,4.0,0,12.99,2022-08-04
U1560,nigeria,38,,premium,17.6,505,,4.0,0,0.0,
U1062,united states,17,male,free,11.5,512,,2.0,1,,2024-01-31
U1176,india,17,other,family,9.5,506,,3.0,0,9.99,2023-02-05
U1058,india,47,male,family,7.2,495,0.1,3.0,0,7.99,2023-12-01
U1672,united kingdom,35,other,studnt,11.3,481,,5.0,0,9.99,
U1333,south africa,14,female,studnt,4.8,522,,3.0,0,5.0,2023-09-06
U1015,south africa,30,,student,4.3,500,,1.0,0,9.99,
U1595,kenya,64,other,family,15.9,495,0.2,4.0,0,7.99,2023-02-14
U1267,india,63,female,free,9.0,495,0.1,4.0,0,12.99,
U1650,south africa,13,,premium,9.0,524,,3.0,0,0.0,2022-07-02
U1263,united kingdom,57,male,family,13.9,491,0.1,4.0,1,7.99,2024-01-29
U1223,united kingdom,38,,student,5.8,484,,4.0,1,7.99,2022-04-05
U1671,united states,36,male,family,12.0,481,,2.0,0,7.99,2022-07-16
U1302,india,53,female,student,13.5,481,,3.0,1,0.0,2022-11-07
U1445,india,29,male,premum,14.2,508,,5.0,0,12.99,2022-07-12
U1157,india,46,female,family,10.7,485,,4.0,0,9.99,
U1151,united states,46,female,premum,8.9,546,,3.0,1,9.99,
U1544,united kingdom,61,female,student,3.1,504,,5.0,0,,
U1351,united kingdom,56,male,premium,9.8,505,,3.0,1,12.99,2022-07-18
U1142,united kingdom,26,,family,7.1,505,,2.0,1,7.99,2022-02-10
U1083,india,61,male,family,9.9,501,0.1,4.0,0,9.99,
U1367,united kingdom,49,male,free,12.7,511,,1.0,0,,
U1577,india,64,male,premum,7.6,461,,1.0,0,9.99,
U1244,south africa,34,,free,5.8,496,0.1,3.0,0,,2022-07-12
U1539,united kingdom,16,,family,0.8,496,,3.0,1,7.99,2022-11-08
U1441,united states,35,female,premium,3.4,499,,5.0,0,0.0,2023-04-03
U1619,india,13,male,premium,7.6,495,,4.0,1,9.99,2022-03-12
U1627,india,42,,premum,11.1,503,,5.0,0,7.99,2022-04-03
U1087,ghana,53,male,premum,4.4,497,0.2,4.0,0,7.99,2024-12-08
U1274,united kingdom,29,female,family,11.0,494,0.2,5.0,0,9.99,2024-06-09
U1550,united states,26,male,premium,14.6,457,,3.0,0,7.99,2022-02-01
U1105,united states,31,male,studnt,8.0,556,0.2,3.0,0,7.99,2024-11-04
U1613,kenya,32,female,family,16.4,495,,5.0,0,,2022-12-07
U1409,united kingdom,13,female,studnt,16.5,519,0.2,3.0,0,0.0,2023-11-10
U1072,united kingdom,13,male,premium,9.4,492,,3.0,1,9.99,2022-12-18
U1380,united kingdom,56,female,family,11.5,489,,5.0,1,0.0,2022-12-21
U1204,south africa,63,female,studnt,7.4,450,,3.0,0,12.99,2023-03-01
U1507,india,48,male,free,10.2,482,,3.0,0,5.0,2023-07-04
U1435,united kingdom,52,male,student,13.9,471,0.2,3.0,0,9.99,2022-07-12
U1212,kenya,33,male,family,5.9,492,,2.0,1,12.99,2024-06-30
U1559,south africa,33,male,family,8.5,507,,1.0,1,9.99,
U1093,nigeria,40,male,studnt,9.8,460,0.1,5.0,0,12.99,2024-03-04
U1003,south africa,44,,student,11.8,525,,4.0,0,0.0,2022-11-01
U1109,united kingdom,21,female,family,16.1,497,0.2,3.0,0,9.99,
U1052,ghana,25,male,student,12.7,467,0.2,5.0,0,7.99,
U1290,united kingdom,59,male,premium,5.8,500,,4.0,0,5.0,
U1275,brazil,51,other,studnt,8.1,484,,4.0,1,7.99,2023-04-06
U1138,united kingdom,35,other,studnt,11.4,500,,3.0,0,9.99,2023-01-19
U1520,united kingdom,35,male,studnt,8.9,464,0.1,4.0,1,0.0,2023-11-08
U1498,india,59,female,family,14.4,468,,1.0,0,9.99,2023-02-10
U1227,india,38,female,student,6.6,551,,3.0,0,9.99,2023-05-06
U1464,united kingdom,59,other,studnt,14.4,503,,4.0,1,9.99,2024-02-21
U1235,nepal,38,,premum,16.6,467,,3.0,0,9.99,
U1002,brazil,57,male,family,7.4,524,,1.0,1,,2024-07-10
U1135,nepal,29,male,family,16.6,491,0.2,1.0,0,9.99,
U1018,india,61,female,studnt,11.3,486,0.1,3.0,0,,2023-02-13
U1669,india,13,other,family,4.1,505,,4.0,1,,2023-05-22
U1280,kenya,29,,free,11.8,486,0.2,4.0,0,9.99,2023-12-15
U1413,nigeria,20,female,free,15.0,505,,3.0,0,7.99,
U1209,nigeria,40,other,student,4.5,520,,3.0,0,5.0,2022-03-16
U1127,united kingdom,15,male,family,15.8,465,,4.0,1,,
U1185,ghana,63,female,premium,15.4,522,,3.0,0,0.0,2023-08-10
U1030,united states,28,other,premium,4.8,522,,3.0,0,5.0,2023-04-01
U1417,india,26,male,free,7.9,495,0.2,2.0,0,9.99,
U1676,brazil,15,female,premium,13.2,490,,2.0,0,5.0,2023-01-11
U1238,kenya,20,male,family,14.7,506,,3.0,0,12.99,2022-08-15
U1019,united kingdom,26,male,student,10.0,485,,3.0,0,0.0,
U1273,south africa,51,female,premum,9.7,467,,4.0,1,0.0,
U1252,ghana,57,female,premium,8.3,483,,3.0,0,,2022-05-20
U1330,india,36,,family,7.8,503,,3.0,0,0.0,
U1449,india,26,male,student,10.8,495,,3.0,0,0.0,2023-04-01
U1463,south africa,27,female,premum,11.6,509,,2.0,0,9.99,2023-12-30
U1556,kenya,13,other,premium,5.8,490,,3.0,1,0.0,2024-09-03
U1395,nigeria,47,male,premum,8.7,502,,4.0,0,5.0,2023-08-01
U1549,brazil,41,,studnt,17.7,498,,3.0,0,12.99,
U1269,united kingdom,37,female,student,12.0,456,,2.0,0,9.99,2022-05-11
U1137,united kingdom,59,,family,7.5,538,,2.0,1,7.99,2024-04-21
U1381,united kingdom,14,female,premium,13.8,522,,4.0,1,9.99,
U1131,india,56,other,premium,6.5,517,,2.0,0,7.99,
U1438,nepal,63,other,premum,0.3,522,0.1,4.0,0,12.99,
U1329,united kingdom,48,male,studnt,9.7,530,,1.0,0,,
U1104,united kingdom,22,female,premum,2.0,497,,5.0,0,9.99,2023-12-07
U1420,united states,33,male,free,13.8,480,0.2,5.0,0,7.99,2023-11-08
U1377,india,17,male,free,12.4,488,,4.0,1,,
U1679,united kingdom,40,other,free,2.1,462,,1.0,0,,2022-06-06
U1095,united states,17,female,free,5.7,472,0.2,4.0,0,0.0,2023-09-30
U1229,united kingdom,34,,free,19.4,508,,1.0,0,,2022-04-08
U1111,south africa,13,male,premium,14.0,475,,4.0,0,7.99,2023-11-05
U1296,kenya,20,male,family,10.5,513,0.1,5.0,0,9.99,
U1455,kenya,18,female,family,9.7,499,,3.0,1,0.0,2022-08-22
U1481,nepal,22,female,family,11.1,490,,4.0,0,12.99,2022-11-19
U1415,ghana,53,male,student,5.8,506,,3.0,1,12.99,2022-11-23
U1084,south africa,25,male,free,14.3,492,,2.0,1,0.0,
U1680,kenya,59,female,studnt,23.6,495,,2.0,1,5.0,2023-07-31
U1418,united kingdom,42,male,family,6.7,507,,5.0,0,0.0,2024-02-07
U1588,kenya,29,male,family,8.7,530,,3.0,0,0.0,2024-05-04
U1667,ghana,41,female,premium,14.4,512,0.2,4.0,0,9.99,2022-05-07
U1584,united kingdom,30,male,student,19.2,458,,4.0,0,7.99,2023-07-21
U1143,india,14,,premium,10.2,518,,4.0,0,9.99,2024-03-03
U1524,india,55,male,premium,5.5,517,,4.0,0,0.0,
U1046,kenya,48,female,free,1.0,562,,5.0,0,0.0,2022-02-06
U1022,nepal,13,female,family,7.8,498,,5.0,0,7.99,2022-05-12
